merops_id,substrate,sequence
S10.010,Angiotensin 1-2,   DR   
S10.010,Angiotensin 1-3,  DRV   
S10.010,Angiotensin 1-4, DRVY   
S10.010,Angiotensin 1-5,DRVYI   
S10.010,Angiotensin 1-6,RVYIH   
S10.010,Angiotensin 1-7,VYIHP   
S10.010,Angiotensin 1-9,IHPFH   
S10.010,Angiotensin-1,HPFHL   
S10.010,Angiotensin-2,YIHPF   
S10.010,Eledoisin,FIGLM   
S10.010,Eledoisin,   FI   
S10.010,Eledoisin,  FIG   
S10.010,Eledoisin, FIGL   
S10.010,Gastrin, WMDF   
S10.010,Gastrin,  WMD   
S10.010,Gastrin,   WM   
S10.007,alpha-1 mating factor precursor,QPMYK   
S10.007,alpha-1 mating factor precursor,PMYKR   
S10.007,Bz-Phe-Ala-Arg,  FAR   
S10.007,FA-Ala-Arg,   AR   
S10.007,FA-Ala-Lys,   AK   
S10.007,[Leu]enkephalin-Arg,GGFLR   
S10.007,[Leu]enkephalin-Lys,GGFLK   
S10.007,[Met]enkephalin-Arg,GGFMR   
S10.007,[Met]enkephalin-Lys,GGFMK   
S10.006,Alpha-S1-casein, TTMP   
S10.006,Alpha-S1-casein,TTMPL   
S10.006,Alpha-S1-casein,TMPLW   
S10.006,Alpha-S1-casein,SAEER   
S10.006,Alpha-S1-casein,NSAEE   
S10.006,Alpha-S1-casein,MEDIK   
S10.006,Alpha-S1-casein,EDQAM   
S10.006,Alpha-S1-casein,DQAME   
S10.006,Alpha-S1-casein,QAMED   
S10.006,Alpha-S1-casein,AMEDI   
S10.006,Alpha-S1-casein,QGLPQ   
S10.006,Alpha-S1-casein,YFYPE   
S10.006,Alpha-S1-casein,PELFR   
S10.006,Alpha-S1-casein,ELAYF   
S10.006,Alpha-S1-casein,LAYFY   
S10.006,Alpha-S1-casein,AYFYP   
S10.006,Alpha-S1-casein,PEVFG   
S10.006,Alpha-S1-casein,EVFGK   
S10.006,Alpha-S1-casein,VAPFP   
S10.006,Alpha-S1-casein,APFPE   
S10.006,Alpha-S1-casein,PFPEV   
S10.006,Alpha-S1-casein,FPEVF   
S10.006,Alpha-S1-casein,GLPQE   
S10.006,Alpha-S1-casein,LNENL   
S10.006,Alpha-S1-casein,EVLNE   
S10.006,Alpha-S1-casein,FYPEL   
S10.006,Alpha-S1-casein,NQELA   
S10.006,alpha-S1-casein,LPQEV   
S10.006,alpha-S1-casein,HQGLP   
S10.006,alpha-S1-casein, HQGL   
S10.006,alpha-S1-casein,PQEVL   
S10.006,alpha-S1-casein,QEVLN   
S10.006,alpha-S1-casein,VLNEN   
S10.006,alpha-S1-casein,NENLL   
S10.006,alpha-S1-casein,ENLLR   
S10.006,alpha-S1-casein,QELAY   
S10.006,alpha-S1-casein,YPELF   
S10.006,Bz-Arg-OMe,   R    
S10.006,Bz-Leu-OMe,   L    
S10.006,Bz-Lys-OMe,   K    
S10.006,FA-Phe-OMe,   F    
S10.006,FA-Phe-Ala,   FA   
S10.006,Z-Ala-Lys,   AK   
S10.006,Glucagon,RAQDF   
S10.006,Glucagon,AQDFV   
S10.006,Glucagon,FVQWL   
S10.006,Glucagon,WLMNT   
S10.006,glucagon,QWLMN   
S10.006,glucagon,VQWLM   
S10.006,glucagon,DFVQW   
S10.006,glucagon,QDFVQ   
S10.006,glucagon,RRAQD   
S10.006,glucagon,SRRAQ   
S10.006,glucagon,DSRRA   
S10.006,glucagon,LDSRR   
S10.006,glucagon,YLDSR   
S10.006,glucagon,KYLDS   
S10.006,glucagon,SKYLD   
S10.006,glucagon,YSKYL   
S10.006,glucagon,DYSKY   
S10.006,glucagon,SDYSK   
S10.006,Insulin B chain (oxidized),FYTPK   
S10.006,insulin B-chain (oxidized),LV GE   
S10.006,insulin B-chain (oxidized),YTPKA   
S10.006,insulin B-chain (oxidized),V GER   
S10.006,insulin B-chain (oxidized),GERGF   
S10.006,Z-Ala-Arg,   AR   
S10.006,Z-Ala-Ile,   AI   
S10.006,Z-Ala-Leu,   AL   
S10.006,Z-Ala-Met,   AM   
S10.008,Bz-Arg-OMe,   R    
S10.008,Bz-Lys-OMe,   K    
S10.008,Bz-Met-OMe,   M    
S10.008,Z-Ala-Ala,   AA   
S10.008,Z-Ala-Arg,   AR   
S10.008,Z-Ala-Asn,   AN   
S10.008,Z-Ala-Asp,   AD   
S10.008,Z-Ala-His,   AH   
S10.008,Z-Ala-Ile,   AI   
S10.008,Z-Ala-Lys,   AK   
S10.008,Z-Ala-Met,   AM   
S10.008,Z-Ala-Phe,   AF   
S10.008,Z-Ala-Val,   AV   
S10.008,Z-Glu-Tyr,   EY   
S10.009,Bz-Ala-OMe,   A    
S10.009,Bz-Leu-OMe,   L    
S10.009,Bz-Met-OMe,   M    
S10.009,Bz-Phe-OMe,   F    
S10.009,Z-Ala-Ala,   AA   
S10.009,Z-Ala-His,   AH   
S10.009,Z-Ala-Ile,   AI   
S10.009,Z-Ala-Leu,   AL   
S10.009,Z-Ala-Met,   AM   
S10.009,Z-Ala-Phe,   AF   
S10.009,Z-Ala-Pro,   AP   
S10.009,Z-Ala-Val,   AV   
S10.009,Z-Ile-Leu,   IL   
S10.009,Z-Val-Phe,   VF   
S10.001,Bz-Ala-OMe,   A    
S10.001,Bz-Ile-OMe,   I    
S10.001,Bz-Leu-OMe,   L    
S10.001,Bz-Met-OMe,   M    
S10.001,Bz-Phe-OMe,   F    
S10.001,Bz-Val-OMe,   V    
S10.001,Z-Ala-Ala,   AA   
S10.001,Z-Ala-Arg,   AR   
S10.001,Z-Ala-Asn,   AN   
S10.001,Z-Ala-Ile,   AI   
S10.001,Z-Ala-Lys,   AK   
S10.001,Z-Ala-Met,   AM   
S10.001,Z-Ala-Phe,   AF   
S10.001,Z-Ala-Pro,   AP   
S10.001,Z-Ala-Ser,   AS   
S10.001,Z-Ala-Val,   AV   
S10.001,Z-Gly-Leu,   GL   
S10.014,Alpha-S1-casein, TTMP   
S10.014,Alpha-S1-casein,TTMPL   
S10.014,Alpha-S1-casein,TMPLW   
S10.014,Alpha-S1-casein,MEDIK   
S10.014,Alpha-S1-casein,QGLPQ   
S10.014,Alpha-S1-casein,EVLNE   
S10.014,Alpha-S1-casein,VLNEN   
S10.014,Alpha-S1-casein,YFYPE   
S10.014,Alpha-S1-casein,PELFR   
S10.014,Alpha-S1-casein,PEVFG   
S10.014,Alpha-S1-casein,EVFGK   
S10.014,Alpha-S1-casein,NSAEE   
S10.014,Alpha-S1-casein,SESTE   
S10.014,Alpha-S1-casein,TEDQA   
S10.014,Alpha-S1-casein,GLPQE   
S10.014,Alpha-S1-casein,LNENL   
S10.014,Alpha-S1-casein,GVNQE   
S10.014,Alpha-S1-casein,FYPEL   
S10.014,Alpha-S1-casein,VAPFP   
S10.014,Alpha-S1-casein,PFPEV   
S10.014,Alpha-S1-casein,  FFV   
S10.014,alpha-S1-casein,LPQEV   
S10.014,alpha-S1-casein,PQEVL   
S10.014,alpha-S1-casein,QEVLN   
S10.014,alpha-S1-casein,NENLL   
S10.014,alpha-S1-casein,ENLLR   
S10.014,alpha-S1-casein, FFVA   
S10.014,alpha-S1-casein,FFVAP   
S10.014,alpha-S1-casein,FVAPF   
S10.014,alpha-S1-casein,APFPE   
S10.014,alpha-S1-casein,FPEVF   
S10.014,alpha-S1-casein,ESTED   
S10.014,alpha-S1-casein,STEDQ   
S10.014,alpha-S1-casein,EDQAM   
S10.014,alpha-S1-casein,DQAME   
S10.014,alpha-S1-casein,QAMED   
S10.014,alpha-S1-casein,AMEDI   
S10.014,alpha-S1-casein,SAEER   
S10.014,alpha-S1-casein,PNSAE   
S10.014,alpha-S1-casein,VPNSA   
S10.014,alpha-S1-casein,VNQEL   
S10.014,alpha-S1-casein,NQELA   
S10.014,alpha-S1-casein,QELAY   
S10.014,alpha-S1-casein,ELAYF   
S10.014,alpha-S1-casein,LAYFY   
S10.014,alpha-S1-casein,AYFYP   
S10.014,alpha-S1-casein,YPELF   
S10.014,Bz-Arg-OMe,   R    
S10.014,Bz-His-OMe,   H    
S10.014,Bz-Lys-OMe,   K    
S10.014,Bz-Met-OMe,   M    
S10.014,FA-Phe-OMe,   F    
S10.014,Eledoisin,FIGLM   
S10.014,FA-Phe-Ala,   FA   
S10.014,Gastrin, WMDF   
S10.014,Glucagon,QDFVQ   
S10.014,Glucagon,DFVQW   
S10.014,Glucagon,FVQWL   
S10.014,glucagon,WLMNT   
S10.014,glucagon,QWLMN   
S10.014,glucagon,VQWLM   
S10.014,glucagon,AQDFV   
S10.014,glucagon,RAQDF   
S10.014,glucagon,RRAQD   
S10.014,glucagon,SRRAQ   
S10.014,glucagon,DSRRA   
S10.014,glucagon,LDSRR   
S10.014,glucagon,YLDSR   
S10.014,glucagon,KYLDS   
S10.014,glucagon,SKYLD   
S10.014,glucagon,YSKYL   
S10.014,glucagon,DYSKY   
S10.014,glucagon,SDYSK   
S10.014,glucagon,TSDYS   
S10.014,glucagon,FTSDY   
S10.014,Insulin B chain (oxidized),LVCGE   
S10.014,Insulin B chain (oxidized),VCGER   
S10.014,Insulin B chain (oxidized),CGERG   
S10.014,Insulin B chain (oxidized),GERGF   
S10.014,Z-Ala-Ala,   AA   
S10.014,Z-Ala-Arg,   AR   
S10.014,Z-Ala-Asp,   AD   
S10.014,Z-Ala-Ile,   AI   
S10.014,Z-Ala-Leu,   AL   
S10.014,Z-Ala-Lys,   AK   
S10.014,Z-Ala-Met,   AM   
S10.014,Z-Ala-Phe,   AF   
S10.014,Z-Ala-Val,   AV   
S10.002,angiotensin-3,HPFHL   
S10.002,Bz-Tyr-OEt,   Y    
S10.002,dansyl-D-Tyr-Val-NH2,   V    
S10.002,Z-Phe-Phe,   FF   
S10.002,lysosome-associated membrane glycoprotein 2,DDNFL   
S10.002,lysosome-associated membrane glycoprotein 2 precursor,DDNFLVPI
S10.002,Z-Glu-Tyr,   EY   
S10.002,Z-Phe-Ala,   FA   
S10.002,Z-Phe-Leu,   FL   
unassigned,Angiotensin 1-3,  DRV   
unassigned,Angiotensin 1-4, DRVY   
unassigned,Angiotensin 1-5,DRVYI   
unassigned,Angiotensin 1-6,RVYIH   
unassigned,Angiotensin 1-7,VYIHP   
unassigned,Angiotensin 1-9,IHPFH   
unassigned,Angiotensin-1,HPFHL   
unassigned,Angiotensin-2,YIHPF   
unassigned,Bradykinin,PPGFS   
unassigned,Bradykinin,PGFSP   
unassigned,Bradykinin,GFSPF   
unassigned,Bradykinin,FSPFR   
unassigned,Delta sleep-inducing peptide,WAGGD   
unassigned,Delta sleep-inducing peptide,AGGDA   
unassigned,Delta sleep-inducing peptide,GGDAS   
unassigned,Delta sleep-inducing peptide,GDASG   
unassigned,Delta sleep-inducing peptide,DASGE   
unassigned,Eledoisin,FIGLM   
unassigned,FMRFamide, FMRF   
unassigned,Neurotensin,  QLY   
unassigned,Neurotensin, QLYE   
unassigned,Neurotensin,QLYEN   
unassigned,Neurotensin,LYENK   
unassigned,Neurotensin,YENKP   
unassigned,Neurotensin,ENKPR   
unassigned,Neurotensin,NKPRR   
unassigned,Neurotensin,KPRRP   
unassigned,Neurotensin,PRRPY   
unassigned,Neurotensin,RRPYI   
unassigned,Neurotensin,RPYIL   
unassigned,[desGly1] cholecystokinin-5, WMDF   
S10.004,Bz-Ala-OMe,   A    
S10.004,Bz-Arg-OMe,   R    
S10.004,Bz-His-OMe,   H    
S10.004,Bz-Leu-OMe,   L    
S10.004,Bz-Lys-OMe,   K    
S10.004,Bz-Met-OMe,   M    
S10.004,Bz-Phe-OMe,   F    
S10.004,Z-Ala-Ala,   AA   
S10.004,Z-Ala-Asn,   AN   
S10.004,Z-Ala-Asp,   AD   
S10.004,Z-Ala-Gly,   AG   
S10.004,Z-Ala-His,   AH   
S10.004,Z-Ala-Ile,   AI   
S10.004,Z-Ala-Met,   AM   
S10.004,Z-Ala-Phe,   AF   
S10.004,Z-Ala-Pro,   AP   
S10.004,Z-Ala-Ser,   AS   
S10.004,Z-Ala-Val,   AV   
S10.005,Bz-Arg-OMe,   R    
S10.005,Bz-Leu-OMe,   L    
S10.005,Bz-Lys-OMe,   K    
S10.005,Bz-Met-OMe,   M    
S10.005,Bz-Phe-OMe,   F    
S10.005,Z-Ala-Lys,   AK   
S10.005,furylacryloyl-Phe-Leu,   FL   
S10.005,Z-Ala-Ala,   AA   
S10.005,Z-Ala-Arg,   AR   
S10.005,Z-Ala-His,   AH   
S10.005,Z-Ala-Ile,   AI   
S10.005,Z-Ala-Met,   AM   
S10.005,Z-Ala-Phe,   AF   
S10.005,Z-Ala-Ser,   AS   
S10.005,Z-Ala-Val,   AV   
